-- phpMyAdmin SQL Dump
-- version 4.5.1
-- http://www.phpmyadmin.net
--
-- Host: 127.0.0.1
-- Generation Time: Nov 29, 2015 at 01:06 AM
-- Server version: 10.1.8-MariaDB
-- PHP Version: 5.6.14

SET SQL_MODE = "NO_AUTO_VALUE_ON_ZERO";
SET time_zone = "+00:00";


/*!40101 SET @OLD_CHARACTER_SET_CLIENT=@@CHARACTER_SET_CLIENT */;
/*!40101 SET @OLD_CHARACTER_SET_RESULTS=@@CHARACTER_SET_RESULTS */;
/*!40101 SET @OLD_COLLATION_CONNECTION=@@COLLATION_CONNECTION */;
/*!40101 SET NAMES utf8mb4 */;

--
-- Database: `vehiclemain`
--

-- --------------------------------------------------------

--
-- Table structure for table `driver`
--

CREATE TABLE `driver` (
  `Driver_Id` int(9) NOT NULL,
  `Driver_Name` varchar(255) NOT NULL,
  `Email` varchar(255) NOT NULL,
  `Phone` varchar(15) NOT NULL,
  `Mechanic_Id` int(10) DEFAULT NULL,
  `Driver_PW` varchar(255) NOT NULL
) ENGINE=InnoDB DEFAULT CHARSET=latin1;

--
-- Dumping data for table `driver`
--

INSERT INTO `driver` (`Driver_Id`, `Driver_Name`, `Email`, `Phone`, `Mechanic_Id`, `Driver_PW`) VALUES
(100000000, 'Janahan', 'something@gmail.com', '4165554444', 1000000001, 'youtube12'),
(100000001, 'Gangar', 'gangar@gmail.com', '4443332222', NULL, 'youtube12'),
(100000002, 'asfdads', 'asdfsadf@gmail.com', '4442223333', NULL, 'youtube12'),
(100000003, '', '', '', NULL, ''),
(100000004, 'David', 'david3@gmai.com', '4443331111', 1000000000, 'youtube12');

-- --------------------------------------------------------

--
-- Table structure for table `mechanic`
--

CREATE TABLE `mechanic` (
  `Mechanic_Id` int(10) NOT NULL,
  `Mechanic_Name` varchar(255) NOT NULL,
  `Email` varchar(255) NOT NULL,
  `Phone` varchar(15) NOT NULL,
  `Company` varchar(255) NOT NULL,
  `Location` varchar(255) NOT NULL,
  `City` varchar(255) DEFAULT NULL,
  `Mechanic_PW` varchar(255) NOT NULL
) ENGINE=InnoDB DEFAULT CHARSET=latin1;

--
-- Dumping data for table `mechanic`
--

INSERT INTO `mechanic` (`Mechanic_Id`, `Mechanic_Name`, `Email`, `Phone`, `Company`, `Location`, `City`, `Mechanic_PW`) VALUES
(1000000000, 'Stuart', 'somthing@email.com', '4444444444', 'Company', '124 Somthing', 'Something', 'password'),
(1000000001, 'Jason', 'something2@gmail.com', '3444402123', 'Companies', '124 pppl', 'Something', 'password'),
(1000000002, 'Albert', 'helperAlbert@gmail.com', '4445551111', 'FIxitUp', '124 King Ave', 'Something', 'password');

-- --------------------------------------------------------

--
-- Table structure for table `service`
--

CREATE TABLE `service` (
  `Mechanic_Id` int(10) NOT NULL,
  `Service_Type` varchar(255) NOT NULL,
  `Price` double NOT NULL,
  `Time_Length` int(11) NOT NULL
) ENGINE=InnoDB DEFAULT CHARSET=latin1;

--
-- Dumping data for table `service`
--

INSERT INTO `service` (`Mechanic_Id`, `Service_Type`, `Price`, `Time_Length`) VALUES
(1000000000, 'Brake Service', 90, 1),
(1000000000, 'Fuel Filter Service', 54.3, 1),
(1000000000, 'Full Synthetic Oil Change', 23.12, 5),
(1000000000, 'Standard Oil Change', 23.11, 2),
(1000000000, 'Synthetic Blend Oil Change', 23.09, 2),
(1000000000, 'Tire Alignment', 12.21, 23),
(1000000001, 'Brake Service', 56, 2),
(1000000001, 'Fuel Filter Service', 78, 4),
(1000000001, 'Full Synthetic Oil Change', 41, 1),
(1000000001, 'Standard Oil Change', 22, 1),
(1000000001, 'Synthetic Blend Oil Change', 33, 2),
(1000000001, 'Tire Alignment', 98, 1),
(1000000002, 'Brake Service', 23, 2),
(1000000002, 'Fuel Filter Service', 36, 1),
(1000000002, 'Full Synthetic Oil Change', 90, 2),
(1000000002, 'Standard Oil Change', 50, 2),
(1000000002, 'Synthetic Blend Oil Change', 70, 2),
(1000000002, 'Tire Alignment', 30, 1);

-- --------------------------------------------------------

--
-- Table structure for table `service_history`
--

CREATE TABLE `service_history` (
  `Vehicle_Id` varchar(17) NOT NULL,
  `Mechanic_Id` int(10) NOT NULL,
  `Date_of_Service` date NOT NULL,
  `Service_Type` varchar(255) NOT NULL
) ENGINE=InnoDB DEFAULT CHARSET=latin1;

--
-- Dumping data for table `service_history`
--

INSERT INTO `service_history` (`Vehicle_Id`, `Mechanic_Id`, `Date_of_Service`, `Service_Type`) VALUES
('asdfasdfasdfasdfa', 1000000000, '2015-11-25', 'Standard Oil Change'),
('asdfasdfasdfasdfa', 1000000000, '2015-11-25', 'Tire Alignment'),
('asdfasdfasdfasdfa', 1000000000, '2015-11-26', 'Brake Service'),
('asdfasdfasdfasdfa', 1000000000, '2015-11-26', 'Full Synthetic Oil Change'),
('asdfasdfasdfasdfa', 1000000000, '2015-11-26', 'Standard Oil Change'),
('L909999L99382123L', 1000000001, '2015-11-28', 'Spark Plug Service'),
('L909999L993822112', 1000000002, '2015-11-28', 'Synthetic Blend Oil Change'),
('LASDMVDD111223223', 1000000001, '2015-11-28', 'Brake Service');

-- --------------------------------------------------------

--
-- Table structure for table `vehicle`
--

CREATE TABLE `vehicle` (
  `Vehicle_Id` varchar(17) NOT NULL,
  `Driver_Id` int(9) NOT NULL,
  `Vehicle_No` varchar(25) NOT NULL,
  `Odometer_Reading` int(11) NOT NULL,
  `Odometer_Average` int(11) DEFAULT NULL,
  `Last_Service` date NOT NULL,
  `Next_Service` date DEFAULT NULL,
  `Service_Type` varchar(255) NOT NULL
) ENGINE=InnoDB DEFAULT CHARSET=latin1;

--
-- Dumping data for table `vehicle`
--

INSERT INTO `vehicle` (`Vehicle_Id`, `Driver_Id`, `Vehicle_No`, `Odometer_Reading`, `Odometer_Average`, `Last_Service`, `Next_Service`, `Service_Type`) VALUES
('adfasdfasdfa12341', 100000000, 'Lex-RC--16', 4000000, 2, '2015-11-12', NULL, 'Standard Oil Change'),
('asdfasdfasdfasdfa', 100000000, 'Mit-Lan-01', 9990, 7, '2015-11-26', '2015-11-28', 'Brake Service'),
('dasdfas2f12df2sdf', 100000000, 'For-Foc-16', 200, 21, '2015-11-05', NULL, 'Standard Oil Change'),
('L909999L99382123L', 100000004, 'For-Foc-15', 4000, 20, '2015-11-28', '2015-12-05', 'Spark Plug Service'),
('L909999L993822112', 100000004, 'Lin-MKC-07', 200000, 61, '2015-11-28', '2015-11-30', 'Synthetic Blend Oil Change'),
('LASDMVDD111223222', 100000001, 'Sub-BRZ-16', 20000, 123, '2015-11-14', NULL, 'Fuel Filter Service'),
('LASDMVDD111223223', 100000004, 'Toy-Sup-16', 2000, 30, '2015-11-28', '2015-12-03', 'Brake Service'),
('seoksasssee333212', 100000000, 'Jag-XKR-16', 200, 2, '2015-11-12', NULL, 'Standard Oil Change'),
('somethingsomethis', 100000002, 'Jag-XKR-02', 2000, 2, '2015-11-28', NULL, 'Fuel Filter Service');

-- --------------------------------------------------------

--
-- Table structure for table `vehicle_specification`
--

CREATE TABLE `vehicle_specification` (
  `Vehicle_No` varchar(25) NOT NULL,
  `Vehicle_Brand` varchar(255) NOT NULL,
  `Vehicle_Model` varchar(255) NOT NULL,
  `Vehicle_Year` int(4) NOT NULL
) ENGINE=InnoDB DEFAULT CHARSET=latin1;

--
-- Dumping data for table `vehicle_specification`
--

INSERT INTO `vehicle_specification` (`Vehicle_No`, `Vehicle_Brand`, `Vehicle_Model`, `Vehicle_Year`) VALUES
('BMW-M3--00', 'BMW', 'M3-GTR', 2000),
('BMW-M3--01', 'BMW', 'M3-GTR', 2001),
('BMW-M3--02', 'BMW', 'M3-GTR', 2002),
('BMW-M3--03', 'BMW', 'M3-GTR', 2003),
('BMW-M3--04', 'BMW', 'M3-GTR', 2004),
('BMW-M3--05', 'BMW', 'M3-GTR', 2005),
('BMW-M3--06', 'BMW', 'M3-GTR', 2006),
('BMW-M3--07', 'BMW', 'M3-GTR', 2007),
('BMW-M3--08', 'BMW', 'M3-GTR', 2008),
('BMW-M3--09', 'BMW', 'M3-GTR', 2009),
('BMW-M3--10', 'BMW', 'M3-GTR', 2010),
('BMW-M3--11', 'BMW', 'M3-GTR', 2011),
('BMW-M3--12', 'BMW', 'M3-GTR', 2012),
('BMW-M3--13', 'BMW', 'M3-GTR', 2013),
('BMW-M3--14', 'BMW', 'M3-GTR', 2014),
('BMW-M3--15', 'BMW', 'M3-GTR', 2015),
('BMW-M3--16', 'BMW', 'M3-GTR', 2016),
('BMW-M3--80', 'BMW', 'M3-GTR', 1980),
('BMW-M3--81', 'BMW', 'M3-GTR', 1981),
('BMW-M3--82', 'BMW', 'M3-GTR', 1982),
('BMW-M3--83', 'BMW', 'M3-GTR', 1983),
('BMW-M3--84', 'BMW', 'M3-GTR', 1984),
('BMW-M3--85', 'BMW', 'M3-GTR', 1985),
('BMW-M3--86', 'BMW', 'M3-GTR', 1986),
('BMW-M3--87', 'BMW', 'M3-GTR', 1987),
('BMW-M3--88', 'BMW', 'M3-GTR', 1988),
('BMW-M3--89', 'BMW', 'M3-GTR', 1989),
('BMW-M3--90', 'BMW', 'M3-GTR', 1990),
('BMW-M3--91', 'BMW', 'M3-GTR', 1991),
('BMW-M3--92', 'BMW', 'M3-GTR', 1992),
('BMW-M3--93', 'BMW', 'M3-GTR', 1993),
('BMW-M3--94', 'BMW', 'M3-GTR', 1994),
('BMW-M3--95', 'BMW', 'M3-GTR', 1995),
('BMW-M3--96', 'BMW', 'M3-GTR', 1996),
('BMW-M3--97', 'BMW', 'M3-GTR', 1997),
('BMW-M3--98', 'BMW', 'M3-GTR', 1998),
('BMW-M3--99', 'BMW', 'M3-GTR', 1999),
('Che-Cam-00', 'Chevrolet', 'Camero', 2000),
('Che-Cam-01', 'Chevrolet', 'Camero', 2001),
('Che-Cam-02', 'Chevrolet', 'Camero', 2002),
('Che-Cam-03', 'Chevrolet', 'Camero', 2003),
('Che-Cam-04', 'Chevrolet', 'Camero', 2004),
('Che-Cam-05', 'Chevrolet', 'Camero', 2005),
('Che-Cam-06', 'Chevrolet', 'Camero', 2006),
('Che-Cam-07', 'Chevrolet', 'Camero', 2007),
('Che-Cam-08', 'Chevrolet', 'Camero', 2008),
('Che-Cam-09', 'Chevrolet', 'Camero', 2009),
('Che-Cam-10', 'Chevrolet', 'Camero', 2010),
('Che-Cam-11', 'Chevrolet', 'Camero', 2011),
('Che-Cam-12', 'Chevrolet', 'Camero', 2012),
('Che-Cam-13', 'Chevrolet', 'Camero', 2013),
('Che-Cam-14', 'Chevrolet', 'Camero', 2014),
('Che-Cam-15', 'Chevrolet', 'Camero', 2015),
('Che-Cam-16', 'Chevrolet', 'Camero', 2016),
('Che-Cam-80', 'Chevrolet', 'Camero', 1980),
('Che-Cam-81', 'Chevrolet', 'Camero', 1981),
('Che-Cam-82', 'Chevrolet', 'Camero', 1982),
('Che-Cam-83', 'Chevrolet', 'Camero', 1983),
('Che-Cam-84', 'Chevrolet', 'Camero', 1984),
('Che-Cam-85', 'Chevrolet', 'Camero', 1985),
('Che-Cam-86', 'Chevrolet', 'Camero', 1986),
('Che-Cam-87', 'Chevrolet', 'Camero', 1987),
('Che-Cam-88', 'Chevrolet', 'Camero', 1988),
('Che-Cam-89', 'Chevrolet', 'Camero', 1989),
('Che-Cam-90', 'Chevrolet', 'Camero', 1990),
('Che-Cam-91', 'Chevrolet', 'Camero', 1991),
('Che-Cam-92', 'Chevrolet', 'Camero', 1992),
('Che-Cam-93', 'Chevrolet', 'Camero', 1993),
('Che-Cam-94', 'Chevrolet', 'Camero', 1994),
('Che-Cam-95', 'Chevrolet', 'Camero', 1995),
('Che-Cam-96', 'Chevrolet', 'Camero', 1996),
('Che-Cam-97', 'Chevrolet', 'Camero', 1997),
('Che-Cam-98', 'Chevrolet', 'Camero', 1998),
('Che-Cam-99', 'Chevrolet', 'Camero', 1999),
('Dod-RAM-00', 'Dodge', 'RAM', 2000),
('Dod-RAM-01', 'Dodge', 'RAM', 2001),
('Dod-RAM-02', 'Dodge', 'RAM', 2002),
('Dod-RAM-03', 'Dodge', 'RAM', 2003),
('Dod-RAM-04', 'Dodge', 'RAM', 2004),
('Dod-RAM-05', 'Dodge', 'RAM', 2005),
('Dod-RAM-06', 'Dodge', 'RAM', 2006),
('Dod-RAM-07', 'Dodge', 'RAM', 2007),
('Dod-RAM-08', 'Dodge', 'RAM', 2008),
('Dod-RAM-09', 'Dodge', 'RAM', 2009),
('Dod-RAM-10', 'Dodge', 'RAM', 2010),
('Dod-RAM-11', 'Dodge', 'RAM', 2011),
('Dod-RAM-12', 'Dodge', 'RAM', 2012),
('Dod-RAM-13', 'Dodge', 'RAM', 2013),
('Dod-RAM-14', 'Dodge', 'RAM', 2014),
('Dod-RAM-15', 'Dodge', 'RAM', 2015),
('Dod-RAM-16', 'Dodge', 'RAM', 2016),
('Dod-RAM-80', 'Dodge', 'RAM', 1980),
('Dod-RAM-81', 'Dodge', 'RAM', 1981),
('Dod-RAM-82', 'Dodge', 'RAM', 1982),
('Dod-RAM-83', 'Dodge', 'RAM', 1983),
('Dod-RAM-84', 'Dodge', 'RAM', 1984),
('Dod-RAM-85', 'Dodge', 'RAM', 1985),
('Dod-RAM-86', 'Dodge', 'RAM', 1986),
('Dod-RAM-87', 'Dodge', 'RAM', 1987),
('Dod-RAM-88', 'Dodge', 'RAM', 1988),
('Dod-RAM-89', 'Dodge', 'RAM', 1989),
('Dod-RAM-90', 'Dodge', 'RAM', 1990),
('Dod-RAM-91', 'Dodge', 'RAM', 1991),
('Dod-RAM-92', 'Dodge', 'RAM', 1992),
('Dod-RAM-93', 'Dodge', 'RAM', 1993),
('Dod-RAM-94', 'Dodge', 'RAM', 1994),
('Dod-RAM-95', 'Dodge', 'RAM', 1995),
('Dod-RAM-96', 'Dodge', 'RAM', 1996),
('Dod-RAM-97', 'Dodge', 'RAM', 1997),
('Dod-RAM-98', 'Dodge', 'RAM', 1998),
('Dod-RAM-99', 'Dodge', 'RAM', 1999),
('Dod-Vip-00', 'Dodge', 'Viper', 2000),
('Dod-Vip-01', 'Dodge', 'Viper', 2001),
('Dod-Vip-02', 'Dodge', 'Viper', 2002),
('Dod-Vip-03', 'Dodge', 'Viper', 2003),
('Dod-Vip-04', 'Dodge', 'Viper', 2004),
('Dod-Vip-05', 'Dodge', 'Viper', 2005),
('Dod-Vip-06', 'Dodge', 'Viper', 2006),
('Dod-Vip-07', 'Dodge', 'Viper', 2007),
('Dod-Vip-08', 'Dodge', 'Viper', 2008),
('Dod-Vip-09', 'Dodge', 'Viper', 2009),
('Dod-Vip-10', 'Dodge', 'Viper', 2010),
('Dod-Vip-11', 'Dodge', 'Viper', 2011),
('Dod-Vip-12', 'Dodge', 'Viper', 2012),
('Dod-Vip-13', 'Dodge', 'Viper', 2013),
('Dod-Vip-14', 'Dodge', 'Viper', 2014),
('Dod-Vip-15', 'Dodge', 'Viper', 2015),
('Dod-Vip-16', 'Dodge', 'Viper', 2016),
('Dod-Vip-80', 'Dodge', 'Viper', 1980),
('Dod-Vip-81', 'Dodge', 'Viper', 1981),
('Dod-Vip-82', 'Dodge', 'Viper', 1982),
('Dod-Vip-83', 'Dodge', 'Viper', 1983),
('Dod-Vip-84', 'Dodge', 'Viper', 1984),
('Dod-Vip-85', 'Dodge', 'Viper', 1985),
('Dod-Vip-86', 'Dodge', 'Viper', 1986),
('Dod-Vip-87', 'Dodge', 'Viper', 1987),
('Dod-Vip-88', 'Dodge', 'Viper', 1988),
('Dod-Vip-89', 'Dodge', 'Viper', 1989),
('Dod-Vip-90', 'Dodge', 'Viper', 1990),
('Dod-Vip-91', 'Dodge', 'Viper', 1991),
('Dod-Vip-92', 'Dodge', 'Viper', 1992),
('Dod-Vip-93', 'Dodge', 'Viper', 1993),
('Dod-Vip-94', 'Dodge', 'Viper', 1994),
('Dod-Vip-95', 'Dodge', 'Viper', 1995),
('Dod-Vip-96', 'Dodge', 'Viper', 1996),
('Dod-Vip-97', 'Dodge', 'Viper', 1997),
('Dod-Vip-98', 'Dodge', 'Viper', 1998),
('Dod-Vip-99', 'Dodge', 'Viper', 1999),
('For-Fie-00', 'Ford', 'Fiesta', 2000),
('For-Fie-01', 'Ford', 'Fiesta', 2001),
('For-Fie-02', 'Ford', 'Fiesta', 2002),
('For-Fie-03', 'Ford', 'Fiesta', 2003),
('For-Fie-04', 'Ford', 'Fiesta', 2004),
('For-Fie-05', 'Ford', 'Fiesta', 2005),
('For-Fie-06', 'Ford', 'Fiesta', 2006),
('For-Fie-07', 'Ford', 'Fiesta', 2007),
('For-Fie-08', 'Ford', 'Fiesta', 2008),
('For-Fie-09', 'Ford', 'Fiesta', 2009),
('For-Fie-10', 'Ford', 'Fiesta', 2010),
('For-Fie-11', 'Ford', 'Fiesta', 2011),
('For-Fie-12', 'Ford', 'Fiesta', 2012),
('For-Fie-13', 'Ford', 'Fiesta', 2013),
('For-Fie-14', 'Ford', 'Fiesta', 2014),
('For-Fie-15', 'Ford', 'Fiesta', 2015),
('For-Fie-16', 'Ford', 'Fiesta', 2016),
('For-Fie-80', 'Ford', 'Fiesta', 1980),
('For-Fie-81', 'Ford', 'Fiesta', 1981),
('For-Fie-82', 'Ford', 'Fiesta', 1982),
('For-Fie-83', 'Ford', 'Fiesta', 1983),
('For-Fie-84', 'Ford', 'Fiesta', 1984),
('For-Fie-85', 'Ford', 'Fiesta', 1985),
('For-Fie-86', 'Ford', 'Fiesta', 1986),
('For-Fie-87', 'Ford', 'Fiesta', 1987),
('For-Fie-88', 'Ford', 'Fiesta', 1988),
('For-Fie-89', 'Ford', 'Fiesta', 1989),
('For-Fie-90', 'Ford', 'Fiesta', 1990),
('For-Fie-91', 'Ford', 'Fiesta', 1991),
('For-Fie-92', 'Ford', 'Fiesta', 1992),
('For-Fie-93', 'Ford', 'Fiesta', 1993),
('For-Fie-94', 'Ford', 'Fiesta', 1994),
('For-Fie-95', 'Ford', 'Fiesta', 1995),
('For-Fie-96', 'Ford', 'Fiesta', 1996),
('For-Fie-97', 'Ford', 'Fiesta', 1997),
('For-Fie-98', 'Ford', 'Fiesta', 1998),
('For-Fie-99', 'Ford', 'Fiesta', 1999),
('For-Foc-00', 'Ford', 'Focus', 2000),
('For-Foc-01', 'Ford', 'Focus', 2001),
('For-Foc-02', 'Ford', 'Focus', 2002),
('For-Foc-03', 'Ford', 'Focus', 2003),
('For-Foc-04', 'Ford', 'Focus', 2004),
('For-Foc-05', 'Ford', 'Focus', 2005),
('For-Foc-06', 'Ford', 'Focus', 2006),
('For-Foc-07', 'Ford', 'Focus', 2007),
('For-Foc-08', 'Ford', 'Focus', 2008),
('For-Foc-09', 'Ford', 'Focus', 2009),
('For-Foc-10', 'Ford', 'Focus', 2010),
('For-Foc-11', 'Ford', 'Focus', 2011),
('For-Foc-12', 'Ford', 'Focus', 2012),
('For-Foc-13', 'Ford', 'Focus', 2013),
('For-Foc-14', 'Ford', 'Focus', 2014),
('For-Foc-15', 'Ford', 'Focus', 2015),
('For-Foc-16', 'Ford', 'Focus', 2016),
('For-Foc-80', 'Ford', 'Focus', 1980),
('For-Foc-81', 'Ford', 'Focus', 1981),
('For-Foc-82', 'Ford', 'Focus', 1982),
('For-Foc-83', 'Ford', 'Focus', 1983),
('For-Foc-84', 'Ford', 'Focus', 1984),
('For-Foc-85', 'Ford', 'Focus', 1985),
('For-Foc-86', 'Ford', 'Focus', 1986),
('For-Foc-87', 'Ford', 'Focus', 1987),
('For-Foc-88', 'Ford', 'Focus', 1988),
('For-Foc-89', 'Ford', 'Focus', 1989),
('For-Foc-90', 'Ford', 'Focus', 1990),
('For-Foc-91', 'Ford', 'Focus', 1991),
('For-Foc-92', 'Ford', 'Focus', 1992),
('For-Foc-93', 'Ford', 'Focus', 1993),
('For-Foc-94', 'Ford', 'Focus', 1994),
('For-Foc-95', 'Ford', 'Focus', 1995),
('For-Foc-96', 'Ford', 'Focus', 1996),
('For-Foc-97', 'Ford', 'Focus', 1997),
('For-Foc-98', 'Ford', 'Focus', 1998),
('For-Foc-99', 'Ford', 'Focus', 1999),
('GMC-Sie-00', 'GMC', 'Sierra', 2000),
('GMC-Sie-01', 'GMC', 'Sierra', 2001),
('GMC-Sie-02', 'GMC', 'Sierra', 2002),
('GMC-Sie-03', 'GMC', 'Sierra', 2003),
('GMC-Sie-04', 'GMC', 'Sierra', 2004),
('GMC-Sie-05', 'GMC', 'Sierra', 2005),
('GMC-Sie-06', 'GMC', 'Sierra', 2006),
('GMC-Sie-07', 'GMC', 'Sierra', 2007),
('GMC-Sie-08', 'GMC', 'Sierra', 2008),
('GMC-Sie-09', 'GMC', 'Sierra', 2009),
('GMC-Sie-10', 'GMC', 'Sierra', 2010),
('GMC-Sie-11', 'GMC', 'Sierra', 2011),
('GMC-Sie-12', 'GMC', 'Sierra', 2012),
('GMC-Sie-13', 'GMC', 'Sierra', 2013),
('GMC-Sie-14', 'GMC', 'Sierra', 2014),
('GMC-Sie-15', 'GMC', 'Sierra', 2015),
('GMC-Sie-16', 'GMC', 'Sierra', 2016),
('GMC-Sie-80', 'GMC', 'Sierra', 1980),
('GMC-Sie-81', 'GMC', 'Sierra', 1981),
('GMC-Sie-82', 'GMC', 'Sierra', 1982),
('GMC-Sie-83', 'GMC', 'Sierra', 1983),
('GMC-Sie-84', 'GMC', 'Sierra', 1984),
('GMC-Sie-85', 'GMC', 'Sierra', 1985),
('GMC-Sie-86', 'GMC', 'Sierra', 1986),
('GMC-Sie-87', 'GMC', 'Sierra', 1987),
('GMC-Sie-88', 'GMC', 'Sierra', 1988),
('GMC-Sie-89', 'GMC', 'Sierra', 1989),
('GMC-Sie-90', 'GMC', 'Sierra', 1990),
('GMC-Sie-91', 'GMC', 'Sierra', 1991),
('GMC-Sie-92', 'GMC', 'Sierra', 1992),
('GMC-Sie-93', 'GMC', 'Sierra', 1993),
('GMC-Sie-94', 'GMC', 'Sierra', 1994),
('GMC-Sie-95', 'GMC', 'Sierra', 1995),
('GMC-Sie-96', 'GMC', 'Sierra', 1996),
('GMC-Sie-97', 'GMC', 'Sierra', 1997),
('GMC-Sie-98', 'GMC', 'Sierra', 1998),
('GMC-Sie-99', 'GMC', 'Sierra', 1999),
('Hon-Civ-00', 'Honda', 'Civic', 2000),
('Hon-Civ-01', 'Honda', 'Civic', 2001),
('Hon-Civ-02', 'Honda', 'Civic', 2002),
('Hon-Civ-03', 'Honda', 'Civic', 2003),
('Hon-Civ-04', 'Honda', 'Civic', 2004),
('Hon-Civ-05', 'Honda', 'Civic', 2005),
('Hon-Civ-06', 'Honda', 'Civic', 2006),
('Hon-Civ-07', 'Honda', 'Civic', 2007),
('Hon-Civ-08', 'Honda', 'Civic', 2008),
('Hon-Civ-09', 'Honda', 'Civic', 2009),
('Hon-Civ-10', 'Honda', 'Civic', 2010),
('Hon-Civ-11', 'Honda', 'Civic', 2011),
('Hon-Civ-12', 'Honda', 'Civic', 2012),
('Hon-Civ-13', 'Honda', 'Civic', 2013),
('Hon-Civ-14', 'Honda', 'Civic', 2014),
('Hon-Civ-15', 'Honda', 'Civic', 2015),
('Hon-Civ-16', 'Honda', 'Civic', 2016),
('Hon-Civ-80', 'Honda', 'Civic', 1980),
('Hon-Civ-81', 'Honda', 'Civic', 1981),
('Hon-Civ-82', 'Honda', 'Civic', 1982),
('Hon-Civ-83', 'Honda', 'Civic', 1983),
('Hon-Civ-84', 'Honda', 'Civic', 1984),
('Hon-Civ-85', 'Honda', 'Civic', 1985),
('Hon-Civ-86', 'Honda', 'Civic', 1986),
('Hon-Civ-87', 'Honda', 'Civic', 1987),
('Hon-Civ-88', 'Honda', 'Civic', 1988),
('Hon-Civ-89', 'Honda', 'Civic', 1989),
('Hon-Civ-90', 'Honda', 'Civic', 1990),
('Hon-Civ-91', 'Honda', 'Civic', 1991),
('Hon-Civ-92', 'Honda', 'Civic', 1992),
('Hon-Civ-93', 'Honda', 'Civic', 1993),
('Hon-Civ-94', 'Honda', 'Civic', 1994),
('Hon-Civ-95', 'Honda', 'Civic', 1995),
('Hon-Civ-96', 'Honda', 'Civic', 1996),
('Hon-Civ-97', 'Honda', 'Civic', 1997),
('Hon-Civ-98', 'Honda', 'Civic', 1998),
('Hon-Civ-99', 'Honda', 'Civic', 1999),
('Hyu-Son-00', 'Hyundai', 'Sonata', 2000),
('Hyu-Son-01', 'Hyundai', 'Sonata', 2001),
('Hyu-Son-02', 'Hyundai', 'Sonata', 2002),
('Hyu-Son-03', 'Hyundai', 'Sonata', 2003),
('Hyu-Son-04', 'Hyundai', 'Sonata', 2004),
('Hyu-Son-05', 'Hyundai', 'Sonata', 2005),
('Hyu-Son-06', 'Hyundai', 'Sonata', 2006),
('Hyu-Son-07', 'Hyundai', 'Sonata', 2007),
('Hyu-Son-08', 'Hyundai', 'Sonata', 2008),
('Hyu-Son-09', 'Hyundai', 'Sonata', 2009),
('Hyu-Son-10', 'Hyundai', 'Sonata', 2010),
('Hyu-Son-11', 'Hyundai', 'Sonata', 2011),
('Hyu-Son-12', 'Hyundai', 'Sonata', 2012),
('Hyu-Son-13', 'Hyundai', 'Sonata', 2013),
('Hyu-Son-14', 'Hyundai', 'Sonata', 2014),
('Hyu-Son-15', 'Hyundai', 'Sonata', 2015),
('Hyu-Son-16', 'Hyundai', 'Sonata', 2016),
('Hyu-Son-80', 'Hyundai', 'Sonata', 1980),
('Hyu-Son-81', 'Hyundai', 'Sonata', 1981),
('Hyu-Son-82', 'Hyundai', 'Sonata', 1982),
('Hyu-Son-83', 'Hyundai', 'Sonata', 1983),
('Hyu-Son-84', 'Hyundai', 'Sonata', 1984),
('Hyu-Son-85', 'Hyundai', 'Sonata', 1985),
('Hyu-Son-86', 'Hyundai', 'Sonata', 1986),
('Hyu-Son-87', 'Hyundai', 'Sonata', 1987),
('Hyu-Son-88', 'Hyundai', 'Sonata', 1988),
('Hyu-Son-89', 'Hyundai', 'Sonata', 1989),
('Hyu-Son-90', 'Hyundai', 'Sonata', 1990),
('Hyu-Son-91', 'Hyundai', 'Sonata', 1991),
('Hyu-Son-92', 'Hyundai', 'Sonata', 1992),
('Hyu-Son-93', 'Hyundai', 'Sonata', 1993),
('Hyu-Son-94', 'Hyundai', 'Sonata', 1994),
('Hyu-Son-95', 'Hyundai', 'Sonata', 1995),
('Hyu-Son-96', 'Hyundai', 'Sonata', 1996),
('Hyu-Son-97', 'Hyundai', 'Sonata', 1997),
('Hyu-Son-98', 'Hyundai', 'Sonata', 1998),
('Hyu-Son-99', 'Hyundai', 'Sonata', 1999),
('Jag-XKR-00', 'Jaguar', 'XKR', 2000),
('Jag-XKR-01', 'Jaguar', 'XKR', 2001),
('Jag-XKR-02', 'Jaguar', 'XKR', 2002),
('Jag-XKR-03', 'Jaguar', 'XKR', 2003),
('Jag-XKR-04', 'Jaguar', 'XKR', 2004),
('Jag-XKR-05', 'Jaguar', 'XKR', 2005),
('Jag-XKR-06', 'Jaguar', 'XKR', 2006),
('Jag-XKR-07', 'Jaguar', 'XKR', 2007),
('Jag-XKR-08', 'Jaguar', 'XKR', 2008),
('Jag-XKR-09', 'Jaguar', 'XKR', 2009),
('Jag-XKR-10', 'Jaguar', 'XKR', 2010),
('Jag-XKR-11', 'Jaguar', 'XKR', 2011),
('Jag-XKR-12', 'Jaguar', 'XKR', 2012),
('Jag-XKR-13', 'Jaguar', 'XKR', 2013),
('Jag-XKR-14', 'Jaguar', 'XKR', 2014),
('Jag-XKR-15', 'Jaguar', 'XKR', 2015),
('Jag-XKR-16', 'Jaguar', 'XKR', 2016),
('Jag-XKR-80', 'Jaguar', 'XKR', 1980),
('Jag-XKR-81', 'Jaguar', 'XKR', 1981),
('Jag-XKR-82', 'Jaguar', 'XKR', 1982),
('Jag-XKR-83', 'Jaguar', 'XKR', 1983),
('Jag-XKR-84', 'Jaguar', 'XKR', 1984),
('Jag-XKR-85', 'Jaguar', 'XKR', 1985),
('Jag-XKR-86', 'Jaguar', 'XKR', 1986),
('Jag-XKR-87', 'Jaguar', 'XKR', 1987),
('Jag-XKR-88', 'Jaguar', 'XKR', 1988),
('Jag-XKR-89', 'Jaguar', 'XKR', 1989),
('Jag-XKR-90', 'Jaguar', 'XKR', 1990),
('Jag-XKR-91', 'Jaguar', 'XKR', 1991),
('Jag-XKR-92', 'Jaguar', 'XKR', 1992),
('Jag-XKR-93', 'Jaguar', 'XKR', 1993),
('Jag-XKR-94', 'Jaguar', 'XKR', 1994),
('Jag-XKR-95', 'Jaguar', 'XKR', 1995),
('Jag-XKR-96', 'Jaguar', 'XKR', 1996),
('Jag-XKR-97', 'Jaguar', 'XKR', 1997),
('Jag-XKR-98', 'Jaguar', 'XKR', 1998),
('Jag-XKR-99', 'Jaguar', 'XKR', 1999),
('Lex-RC--00', 'Lexus', 'RC-350', 2000),
('Lex-RC--01', 'Lexus', 'RC-350', 2001),
('Lex-RC--02', 'Lexus', 'RC-350', 2002),
('Lex-RC--03', 'Lexus', 'RC-350', 2003),
('Lex-RC--04', 'Lexus', 'RC-350', 2004),
('Lex-RC--05', 'Lexus', 'RC-350', 2005),
('Lex-RC--06', 'Lexus', 'RC-350', 2006),
('Lex-RC--07', 'Lexus', 'RC-350', 2007),
('Lex-RC--08', 'Lexus', 'RC-350', 2008),
('Lex-RC--09', 'Lexus', 'RC-350', 2009),
('Lex-RC--10', 'Lexus', 'RC-350', 2010),
('Lex-RC--11', 'Lexus', 'RC-350', 2011),
('Lex-RC--12', 'Lexus', 'RC-350', 2012),
('Lex-RC--13', 'Lexus', 'RC-350', 2013),
('Lex-RC--14', 'Lexus', 'RC-350', 2014),
('Lex-RC--15', 'Lexus', 'RC-350', 2015),
('Lex-RC--16', 'Lexus', 'RC-350', 2016),
('Lex-RC--80', 'Lexus', 'RC-350', 1980),
('Lex-RC--81', 'Lexus', 'RC-350', 1981),
('Lex-RC--82', 'Lexus', 'RC-350', 1982),
('Lex-RC--83', 'Lexus', 'RC-350', 1983),
('Lex-RC--84', 'Lexus', 'RC-350', 1984),
('Lex-RC--85', 'Lexus', 'RC-350', 1985),
('Lex-RC--86', 'Lexus', 'RC-350', 1986),
('Lex-RC--87', 'Lexus', 'RC-350', 1987),
('Lex-RC--88', 'Lexus', 'RC-350', 1988),
('Lex-RC--89', 'Lexus', 'RC-350', 1989),
('Lex-RC--90', 'Lexus', 'RC-350', 1990),
('Lex-RC--91', 'Lexus', 'RC-350', 1991),
('Lex-RC--92', 'Lexus', 'RC-350', 1992),
('Lex-RC--93', 'Lexus', 'RC-350', 1993),
('Lex-RC--94', 'Lexus', 'RC-350', 1994),
('Lex-RC--95', 'Lexus', 'RC-350', 1995),
('Lex-RC--96', 'Lexus', 'RC-350', 1996),
('Lex-RC--97', 'Lexus', 'RC-350', 1997),
('Lex-RC--98', 'Lexus', 'RC-350', 1998),
('Lex-RC--99', 'Lexus', 'RC-350', 1999),
('Lin-MKC-00', 'Lincoln', 'MKC', 2000),
('Lin-MKC-01', 'Lincoln', 'MKC', 2001),
('Lin-MKC-02', 'Lincoln', 'MKC', 2002),
('Lin-MKC-03', 'Lincoln', 'MKC', 2003),
('Lin-MKC-04', 'Lincoln', 'MKC', 2004),
('Lin-MKC-05', 'Lincoln', 'MKC', 2005),
('Lin-MKC-06', 'Lincoln', 'MKC', 2006),
('Lin-MKC-07', 'Lincoln', 'MKC', 2007),
('Lin-MKC-08', 'Lincoln', 'MKC', 2008),
('Lin-MKC-09', 'Lincoln', 'MKC', 2009),
('Lin-MKC-10', 'Lincoln', 'MKC', 2010),
('Lin-MKC-11', 'Lincoln', 'MKC', 2011),
('Lin-MKC-12', 'Lincoln', 'MKC', 2012),
('Lin-MKC-13', 'Lincoln', 'MKC', 2013),
('Lin-MKC-14', 'Lincoln', 'MKC', 2014),
('Lin-MKC-15', 'Lincoln', 'MKC', 2015),
('Lin-MKC-16', 'Lincoln', 'MKC', 2016),
('Lin-MKC-80', 'Lincoln', 'MKC', 1980),
('Lin-MKC-81', 'Lincoln', 'MKC', 1981),
('Lin-MKC-82', 'Lincoln', 'MKC', 1982),
('Lin-MKC-83', 'Lincoln', 'MKC', 1983),
('Lin-MKC-84', 'Lincoln', 'MKC', 1984),
('Lin-MKC-85', 'Lincoln', 'MKC', 1985),
('Lin-MKC-86', 'Lincoln', 'MKC', 1986),
('Lin-MKC-87', 'Lincoln', 'MKC', 1987),
('Lin-MKC-88', 'Lincoln', 'MKC', 1988),
('Lin-MKC-89', 'Lincoln', 'MKC', 1989),
('Lin-MKC-90', 'Lincoln', 'MKC', 1990),
('Lin-MKC-91', 'Lincoln', 'MKC', 1991),
('Lin-MKC-92', 'Lincoln', 'MKC', 1992),
('Lin-MKC-93', 'Lincoln', 'MKC', 1993),
('Lin-MKC-94', 'Lincoln', 'MKC', 1994),
('Lin-MKC-95', 'Lincoln', 'MKC', 1995),
('Lin-MKC-96', 'Lincoln', 'MKC', 1996),
('Lin-MKC-97', 'Lincoln', 'MKC', 1997),
('Lin-MKC-98', 'Lincoln', 'MKC', 1998),
('Lin-MKC-99', 'Lincoln', 'MKC', 1999),
('Mit-Ecl-00', 'Mitsubishi', 'Eclipse', 2000),
('Mit-Ecl-01', 'Mitsubishi', 'Eclipse', 2001),
('Mit-Ecl-02', 'Mitsubishi', 'Eclipse', 2002),
('Mit-Ecl-03', 'Mitsubishi', 'Eclipse', 2003),
('Mit-Ecl-04', 'Mitsubishi', 'Eclipse', 2004),
('Mit-Ecl-05', 'Mitsubishi', 'Eclipse', 2005),
('Mit-Ecl-06', 'Mitsubishi', 'Eclipse', 2006),
('Mit-Ecl-07', 'Mitsubishi', 'Eclipse', 2007),
('Mit-Ecl-08', 'Mitsubishi', 'Eclipse', 2008),
('Mit-Ecl-09', 'Mitsubishi', 'Eclipse', 2009),
('Mit-Ecl-10', 'Mitsubishi', 'Eclipse', 2010),
('Mit-Ecl-11', 'Mitsubishi', 'Eclipse', 2011),
('Mit-Ecl-12', 'Mitsubishi', 'Eclipse', 2012),
('Mit-Ecl-13', 'Mitsubishi', 'Eclipse', 2013),
('Mit-Ecl-14', 'Mitsubishi', 'Eclipse', 2014),
('Mit-Ecl-15', 'Mitsubishi', 'Eclipse', 2015),
('Mit-Ecl-16', 'Mitsubishi', 'Eclipse', 2016),
('Mit-Ecl-80', 'Mitsubishi', 'Eclipse', 1980),
('Mit-Ecl-81', 'Mitsubishi', 'Eclipse', 1981),
('Mit-Ecl-82', 'Mitsubishi', 'Eclipse', 1982),
('Mit-Ecl-83', 'Mitsubishi', 'Eclipse', 1983),
('Mit-Ecl-84', 'Mitsubishi', 'Eclipse', 1984),
('Mit-Ecl-85', 'Mitsubishi', 'Eclipse', 1985),
('Mit-Ecl-86', 'Mitsubishi', 'Eclipse', 1986),
('Mit-Ecl-87', 'Mitsubishi', 'Eclipse', 1987),
('Mit-Ecl-88', 'Mitsubishi', 'Eclipse', 1988),
('Mit-Ecl-89', 'Mitsubishi', 'Eclipse', 1989),
('Mit-Ecl-90', 'Mitsubishi', 'Eclipse', 1990),
('Mit-Ecl-91', 'Mitsubishi', 'Eclipse', 1991),
('Mit-Ecl-92', 'Mitsubishi', 'Eclipse', 1992),
('Mit-Ecl-93', 'Mitsubishi', 'Eclipse', 1993),
('Mit-Ecl-94', 'Mitsubishi', 'Eclipse', 1994),
('Mit-Ecl-95', 'Mitsubishi', 'Eclipse', 1995),
('Mit-Ecl-96', 'Mitsubishi', 'Eclipse', 1996),
('Mit-Ecl-97', 'Mitsubishi', 'Eclipse', 1997),
('Mit-Ecl-98', 'Mitsubishi', 'Eclipse', 1998),
('Mit-Ecl-99', 'Mitsubishi', 'Eclipse', 1999),
('Mit-Lan-00', 'Mitsubishi', 'Lancer', 2000),
('Mit-Lan-01', 'Mitsubishi', 'Lancer', 2001),
('Mit-Lan-02', 'Mitsubishi', 'Lancer', 2002),
('Mit-Lan-03', 'Mitsubishi', 'Lancer', 2003),
('Mit-Lan-04', 'Mitsubishi', 'Lancer', 2004),
('Mit-Lan-05', 'Mitsubishi', 'Lancer', 2005),
('Mit-Lan-06', 'Mitsubishi', 'Lancer', 2006),
('Mit-Lan-07', 'Mitsubishi', 'Lancer', 2007),
('Mit-Lan-08', 'Mitsubishi', 'Lancer', 2008),
('Mit-Lan-09', 'Mitsubishi', 'Lancer', 2009),
('Mit-Lan-10', 'Mitsubishi', 'Lancer', 2010),
('Mit-Lan-11', 'Mitsubishi', 'Lancer', 2011),
('Mit-Lan-12', 'Mitsubishi', 'Lancer', 2012),
('Mit-Lan-13', 'Mitsubishi', 'Lancer', 2013),
('Mit-Lan-14', 'Mitsubishi', 'Lancer', 2014),
('Mit-Lan-15', 'Mitsubishi', 'Lancer', 2015),
('Mit-Lan-16', 'Mitsubishi', 'Lancer', 2016),
('Mit-Lan-80', 'Mitsubishi', 'Lancer', 1980),
('Mit-Lan-81', 'Mitsubishi', 'Lancer', 1981),
('Mit-Lan-82', 'Mitsubishi', 'Lancer', 1982),
('Mit-Lan-83', 'Mitsubishi', 'Lancer', 1983),
('Mit-Lan-84', 'Mitsubishi', 'Lancer', 1984),
('Mit-Lan-85', 'Mitsubishi', 'Lancer', 1985),
('Mit-Lan-86', 'Mitsubishi', 'Lancer', 1986),
('Mit-Lan-87', 'Mitsubishi', 'Lancer', 1987),
('Mit-Lan-88', 'Mitsubishi', 'Lancer', 1988),
('Mit-Lan-89', 'Mitsubishi', 'Lancer', 1989),
('Mit-Lan-90', 'Mitsubishi', 'Lancer', 1990),
('Mit-Lan-91', 'Mitsubishi', 'Lancer', 1991),
('Mit-Lan-92', 'Mitsubishi', 'Lancer', 1992),
('Mit-Lan-93', 'Mitsubishi', 'Lancer', 1993),
('Mit-Lan-94', 'Mitsubishi', 'Lancer', 1994),
('Mit-Lan-95', 'Mitsubishi', 'Lancer', 1995),
('Mit-Lan-96', 'Mitsubishi', 'Lancer', 1996),
('Mit-Lan-97', 'Mitsubishi', 'Lancer', 1997),
('Mit-Lan-98', 'Mitsubishi', 'Lancer', 1998),
('Mit-Lan-99', 'Mitsubishi', 'Lancer', 1999),
('Sat-Vue-00', 'Saturn', 'Vue', 2000),
('Sat-Vue-01', 'Saturn', 'Vue', 2001),
('Sat-Vue-02', 'Saturn', 'Vue', 2002),
('Sat-Vue-03', 'Saturn', 'Vue', 2003),
('Sat-Vue-04', 'Saturn', 'Vue', 2004),
('Sat-Vue-05', 'Saturn', 'Vue', 2005),
('Sat-Vue-06', 'Saturn', 'Vue', 2006),
('Sat-Vue-07', 'Saturn', 'Vue', 2007),
('Sat-Vue-08', 'Saturn', 'Vue', 2008),
('Sat-Vue-09', 'Saturn', 'Vue', 2009),
('Sat-Vue-10', 'Saturn', 'Vue', 2010),
('Sat-Vue-11', 'Saturn', 'Vue', 2011),
('Sat-Vue-12', 'Saturn', 'Vue', 2012),
('Sat-Vue-13', 'Saturn', 'Vue', 2013),
('Sat-Vue-14', 'Saturn', 'Vue', 2014),
('Sat-Vue-15', 'Saturn', 'Vue', 2015),
('Sat-Vue-16', 'Saturn', 'Vue', 2016),
('Sat-Vue-80', 'Saturn', 'Vue', 1980),
('Sat-Vue-81', 'Saturn', 'Vue', 1981),
('Sat-Vue-82', 'Saturn', 'Vue', 1982),
('Sat-Vue-83', 'Saturn', 'Vue', 1983),
('Sat-Vue-84', 'Saturn', 'Vue', 1984),
('Sat-Vue-85', 'Saturn', 'Vue', 1985),
('Sat-Vue-86', 'Saturn', 'Vue', 1986),
('Sat-Vue-87', 'Saturn', 'Vue', 1987),
('Sat-Vue-88', 'Saturn', 'Vue', 1988),
('Sat-Vue-89', 'Saturn', 'Vue', 1989),
('Sat-Vue-90', 'Saturn', 'Vue', 1990),
('Sat-Vue-91', 'Saturn', 'Vue', 1991),
('Sat-Vue-92', 'Saturn', 'Vue', 1992),
('Sat-Vue-93', 'Saturn', 'Vue', 1993),
('Sat-Vue-94', 'Saturn', 'Vue', 1994),
('Sat-Vue-95', 'Saturn', 'Vue', 1995),
('Sat-Vue-96', 'Saturn', 'Vue', 1996),
('Sat-Vue-97', 'Saturn', 'Vue', 1997),
('Sat-Vue-98', 'Saturn', 'Vue', 1998),
('Sat-Vue-99', 'Saturn', 'Vue', 1999),
('Sub-BRZ-00', 'Subaru', 'BRZ', 2000),
('Sub-BRZ-01', 'Subaru', 'BRZ', 2001),
('Sub-BRZ-02', 'Subaru', 'BRZ', 2002),
('Sub-BRZ-03', 'Subaru', 'BRZ', 2003),
('Sub-BRZ-04', 'Subaru', 'BRZ', 2004),
('Sub-BRZ-05', 'Subaru', 'BRZ', 2005),
('Sub-BRZ-06', 'Subaru', 'BRZ', 2006),
('Sub-BRZ-07', 'Subaru', 'BRZ', 2007),
('Sub-BRZ-08', 'Subaru', 'BRZ', 2008),
('Sub-BRZ-09', 'Subaru', 'BRZ', 2009),
('Sub-BRZ-10', 'Subaru', 'BRZ', 2010),
('Sub-BRZ-11', 'Subaru', 'BRZ', 2011),
('Sub-BRZ-12', 'Subaru', 'BRZ', 2012),
('Sub-BRZ-13', 'Subaru', 'BRZ', 2013),
('Sub-BRZ-14', 'Subaru', 'BRZ', 2014),
('Sub-BRZ-15', 'Subaru', 'BRZ', 2015),
('Sub-BRZ-16', 'Subaru', 'BRZ', 2016),
('Sub-BRZ-80', 'Subaru', 'BRZ', 1980),
('Sub-BRZ-81', 'Subaru', 'BRZ', 1981),
('Sub-BRZ-82', 'Subaru', 'BRZ', 1982),
('Sub-BRZ-83', 'Subaru', 'BRZ', 1983),
('Sub-BRZ-84', 'Subaru', 'BRZ', 1984),
('Sub-BRZ-85', 'Subaru', 'BRZ', 1985),
('Sub-BRZ-86', 'Subaru', 'BRZ', 1986),
('Sub-BRZ-87', 'Subaru', 'BRZ', 1987),
('Sub-BRZ-88', 'Subaru', 'BRZ', 1988),
('Sub-BRZ-89', 'Subaru', 'BRZ', 1989),
('Sub-BRZ-90', 'Subaru', 'BRZ', 1990),
('Sub-BRZ-91', 'Subaru', 'BRZ', 1991),
('Sub-BRZ-92', 'Subaru', 'BRZ', 1992),
('Sub-BRZ-93', 'Subaru', 'BRZ', 1993),
('Sub-BRZ-94', 'Subaru', 'BRZ', 1994),
('Sub-BRZ-95', 'Subaru', 'BRZ', 1995),
('Sub-BRZ-96', 'Subaru', 'BRZ', 1996),
('Sub-BRZ-97', 'Subaru', 'BRZ', 1997),
('Sub-BRZ-98', 'Subaru', 'BRZ', 1998),
('Sub-BRZ-99', 'Subaru', 'BRZ', 1999),
('Sub-WRX-00', 'Subaru', 'WRX-STI', 2000),
('Sub-WRX-01', 'Subaru', 'WRX-STI', 2001),
('Sub-WRX-02', 'Subaru', 'WRX-STI', 2002),
('Sub-WRX-03', 'Subaru', 'WRX-STI', 2003),
('Sub-WRX-04', 'Subaru', 'WRX-STI', 2004),
('Sub-WRX-05', 'Subaru', 'WRX-STI', 2005),
('Sub-WRX-06', 'Subaru', 'WRX-STI', 2006),
('Sub-WRX-07', 'Subaru', 'WRX-STI', 2007),
('Sub-WRX-08', 'Subaru', 'WRX-STI', 2008),
('Sub-WRX-09', 'Subaru', 'WRX-STI', 2009),
('Sub-WRX-10', 'Subaru', 'WRX-STI', 2010),
('Sub-WRX-11', 'Subaru', 'WRX-STI', 2011),
('Sub-WRX-12', 'Subaru', 'WRX-STI', 2012),
('Sub-WRX-13', 'Subaru', 'WRX-STI', 2013),
('Sub-WRX-14', 'Subaru', 'WRX-STI', 2014),
('Sub-WRX-15', 'Subaru', 'WRX-STI', 2015),
('Sub-WRX-16', 'Subaru', 'WRX-STI', 2016),
('Sub-WRX-80', 'Subaru', 'WRX-STI', 1980),
('Sub-WRX-81', 'Subaru', 'WRX-STI', 1981),
('Sub-WRX-82', 'Subaru', 'WRX-STI', 1982),
('Sub-WRX-83', 'Subaru', 'WRX-STI', 1983),
('Sub-WRX-84', 'Subaru', 'WRX-STI', 1984),
('Sub-WRX-85', 'Subaru', 'WRX-STI', 1985),
('Sub-WRX-86', 'Subaru', 'WRX-STI', 1986),
('Sub-WRX-87', 'Subaru', 'WRX-STI', 1987),
('Sub-WRX-88', 'Subaru', 'WRX-STI', 1988),
('Sub-WRX-89', 'Subaru', 'WRX-STI', 1989),
('Sub-WRX-90', 'Subaru', 'WRX-STI', 1990),
('Sub-WRX-91', 'Subaru', 'WRX-STI', 1991),
('Sub-WRX-92', 'Subaru', 'WRX-STI', 1992),
('Sub-WRX-93', 'Subaru', 'WRX-STI', 1993),
('Sub-WRX-94', 'Subaru', 'WRX-STI', 1994),
('Sub-WRX-95', 'Subaru', 'WRX-STI', 1995),
('Sub-WRX-96', 'Subaru', 'WRX-STI', 1996),
('Sub-WRX-97', 'Subaru', 'WRX-STI', 1997),
('Sub-WRX-98', 'Subaru', 'WRX-STI', 1998),
('Sub-WRX-99', 'Subaru', 'WRX-STI', 1999),
('Toy-Cam-00', 'Toyota', 'Camary', 2000),
('Toy-Cam-01', 'Toyota', 'Camary', 2001),
('Toy-Cam-02', 'Toyota', 'Camary', 2002),
('Toy-Cam-03', 'Toyota', 'Camary', 2003),
('Toy-Cam-04', 'Toyota', 'Camary', 2004),
('Toy-Cam-05', 'Toyota', 'Camary', 2005),
('Toy-Cam-06', 'Toyota', 'Camary', 2006),
('Toy-Cam-07', 'Toyota', 'Camary', 2007),
('Toy-Cam-08', 'Toyota', 'Camary', 2008),
('Toy-Cam-09', 'Toyota', 'Camary', 2009),
('Toy-Cam-10', 'Toyota', 'Camary', 2010),
('Toy-Cam-11', 'Toyota', 'Camary', 2011),
('Toy-Cam-12', 'Toyota', 'Camary', 2012),
('Toy-Cam-13', 'Toyota', 'Camary', 2013),
('Toy-Cam-14', 'Toyota', 'Camary', 2014),
('Toy-Cam-15', 'Toyota', 'Camary', 2015),
('Toy-Cam-16', 'Toyota', 'Camary', 2016),
('Toy-Cam-80', 'Toyota', 'Camary', 1980),
('Toy-Cam-81', 'Toyota', 'Camary', 1981),
('Toy-Cam-82', 'Toyota', 'Camary', 1982),
('Toy-Cam-83', 'Toyota', 'Camary', 1983),
('Toy-Cam-84', 'Toyota', 'Camary', 1984),
('Toy-Cam-85', 'Toyota', 'Camary', 1985),
('Toy-Cam-86', 'Toyota', 'Camary', 1986),
('Toy-Cam-87', 'Toyota', 'Camary', 1987),
('Toy-Cam-88', 'Toyota', 'Camary', 1988),
('Toy-Cam-89', 'Toyota', 'Camary', 1989),
('Toy-Cam-90', 'Toyota', 'Camary', 1990),
('Toy-Cam-91', 'Toyota', 'Camary', 1991),
('Toy-Cam-92', 'Toyota', 'Camary', 1992),
('Toy-Cam-93', 'Toyota', 'Camary', 1993),
('Toy-Cam-94', 'Toyota', 'Camary', 1994),
('Toy-Cam-95', 'Toyota', 'Camary', 1995),
('Toy-Cam-96', 'Toyota', 'Camary', 1996),
('Toy-Cam-97', 'Toyota', 'Camary', 1997),
('Toy-Cam-98', 'Toyota', 'Camary', 1998),
('Toy-Cam-99', 'Toyota', 'Camary', 1999),
('Toy-Cor-00', 'Toyota', 'Corolla', 2000),
('Toy-Cor-01', 'Toyota', 'Corolla', 2001),
('Toy-Cor-02', 'Toyota', 'Corolla', 2002),
('Toy-Cor-03', 'Toyota', 'Corolla', 2003),
('Toy-Cor-04', 'Toyota', 'Corolla', 2004),
('Toy-Cor-05', 'Toyota', 'Corolla', 2005),
('Toy-Cor-06', 'Toyota', 'Corolla', 2006),
('Toy-Cor-07', 'Toyota', 'Corolla', 2007),
('Toy-Cor-08', 'Toyota', 'Corolla', 2008),
('Toy-Cor-09', 'Toyota', 'Corolla', 2009),
('Toy-Cor-10', 'Toyota', 'Corolla', 2010),
('Toy-Cor-11', 'Toyota', 'Corolla', 2011),
('Toy-Cor-12', 'Toyota', 'Corolla', 2012),
('Toy-Cor-13', 'Toyota', 'Corolla', 2013),
('Toy-Cor-14', 'Toyota', 'Corolla', 2014),
('Toy-Cor-15', 'Toyota', 'Corolla', 2015),
('Toy-Cor-16', 'Toyota', 'Corolla', 2016),
('Toy-Cor-80', 'Toyota', 'Corolla', 1980),
('Toy-Cor-81', 'Toyota', 'Corolla', 1981),
('Toy-Cor-82', 'Toyota', 'Corolla', 1982),
('Toy-Cor-83', 'Toyota', 'Corolla', 1983),
('Toy-Cor-84', 'Toyota', 'Corolla', 1984),
('Toy-Cor-85', 'Toyota', 'Corolla', 1985),
('Toy-Cor-86', 'Toyota', 'Corolla', 1986),
('Toy-Cor-87', 'Toyota', 'Corolla', 1987),
('Toy-Cor-88', 'Toyota', 'Corolla', 1988),
('Toy-Cor-89', 'Toyota', 'Corolla', 1989),
('Toy-Cor-90', 'Toyota', 'Corolla', 1990),
('Toy-Cor-91', 'Toyota', 'Corolla', 1991),
('Toy-Cor-92', 'Toyota', 'Corolla', 1992),
('Toy-Cor-93', 'Toyota', 'Corolla', 1993),
('Toy-Cor-94', 'Toyota', 'Corolla', 1994),
('Toy-Cor-95', 'Toyota', 'Corolla', 1995),
('Toy-Cor-96', 'Toyota', 'Corolla', 1996),
('Toy-Cor-97', 'Toyota', 'Corolla', 1997),
('Toy-Cor-98', 'Toyota', 'Corolla', 1998),
('Toy-Cor-99', 'Toyota', 'Corolla', 1999),
('Toy-Sup-00', 'Toyota', 'Supra', 2000),
('Toy-Sup-01', 'Toyota', 'Supra', 2001),
('Toy-Sup-02', 'Toyota', 'Supra', 2002),
('Toy-Sup-03', 'Toyota', 'Supra', 2003),
('Toy-Sup-04', 'Toyota', 'Supra', 2004),
('Toy-Sup-05', 'Toyota', 'Supra', 2005),
('Toy-Sup-06', 'Toyota', 'Supra', 2006),
('Toy-Sup-07', 'Toyota', 'Supra', 2007),
('Toy-Sup-08', 'Toyota', 'Supra', 2008),
('Toy-Sup-09', 'Toyota', 'Supra', 2009),
('Toy-Sup-10', 'Toyota', 'Supra', 2010),
('Toy-Sup-11', 'Toyota', 'Supra', 2011),
('Toy-Sup-12', 'Toyota', 'Supra', 2012),
('Toy-Sup-13', 'Toyota', 'Supra', 2013),
('Toy-Sup-14', 'Toyota', 'Supra', 2014),
('Toy-Sup-15', 'Toyota', 'Supra', 2015),
('Toy-Sup-16', 'Toyota', 'Supra', 2016),
('Toy-Sup-80', 'Toyota', 'Supra', 1980),
('Toy-Sup-81', 'Toyota', 'Supra', 1981),
('Toy-Sup-82', 'Toyota', 'Supra', 1982),
('Toy-Sup-83', 'Toyota', 'Supra', 1983),
('Toy-Sup-84', 'Toyota', 'Supra', 1984),
('Toy-Sup-85', 'Toyota', 'Supra', 1985),
('Toy-Sup-86', 'Toyota', 'Supra', 1986),
('Toy-Sup-87', 'Toyota', 'Supra', 1987),
('Toy-Sup-88', 'Toyota', 'Supra', 1988),
('Toy-Sup-89', 'Toyota', 'Supra', 1989),
('Toy-Sup-90', 'Toyota', 'Supra', 1990),
('Toy-Sup-91', 'Toyota', 'Supra', 1991),
('Toy-Sup-92', 'Toyota', 'Supra', 1992),
('Toy-Sup-93', 'Toyota', 'Supra', 1993),
('Toy-Sup-94', 'Toyota', 'Supra', 1994),
('Toy-Sup-95', 'Toyota', 'Supra', 1995),
('Toy-Sup-96', 'Toyota', 'Supra', 1996),
('Toy-Sup-97', 'Toyota', 'Supra', 1997),
('Toy-Sup-98', 'Toyota', 'Supra', 1998),
('Toy-Sup-99', 'Toyota', 'Supra', 1999),
('Vol-Bee-00', 'Volkswagon', 'Beetle', 2000),
('Vol-Bee-01', 'Volkswagon', 'Beetle', 2001),
('Vol-Bee-02', 'Volkswagon', 'Beetle', 2002),
('Vol-Bee-03', 'Volkswagon', 'Beetle', 2003),
('Vol-Bee-04', 'Volkswagon', 'Beetle', 2004),
('Vol-Bee-05', 'Volkswagon', 'Beetle', 2005),
('Vol-Bee-06', 'Volkswagon', 'Beetle', 2006),
('Vol-Bee-07', 'Volkswagon', 'Beetle', 2007),
('Vol-Bee-08', 'Volkswagon', 'Beetle', 2008),
('Vol-Bee-09', 'Volkswagon', 'Beetle', 2009),
('Vol-Bee-10', 'Volkswagon', 'Beetle', 2010),
('Vol-Bee-11', 'Volkswagon', 'Beetle', 2011),
('Vol-Bee-12', 'Volkswagon', 'Beetle', 2012),
('Vol-Bee-13', 'Volkswagon', 'Beetle', 2013),
('Vol-Bee-14', 'Volkswagon', 'Beetle', 2014),
('Vol-Bee-15', 'Volkswagon', 'Beetle', 2015),
('Vol-Bee-16', 'Volkswagon', 'Beetle', 2016),
('Vol-Bee-80', 'Volkswagon', 'Beetle', 1980),
('Vol-Bee-81', 'Volkswagon', 'Beetle', 1981),
('Vol-Bee-82', 'Volkswagon', 'Beetle', 1982),
('Vol-Bee-83', 'Volkswagon', 'Beetle', 1983),
('Vol-Bee-84', 'Volkswagon', 'Beetle', 1984),
('Vol-Bee-85', 'Volkswagon', 'Beetle', 1985),
('Vol-Bee-86', 'Volkswagon', 'Beetle', 1986),
('Vol-Bee-87', 'Volkswagon', 'Beetle', 1987),
('Vol-Bee-88', 'Volkswagon', 'Beetle', 1988),
('Vol-Bee-89', 'Volkswagon', 'Beetle', 1989),
('Vol-Bee-90', 'Volkswagon', 'Beetle', 1990),
('Vol-Bee-91', 'Volkswagon', 'Beetle', 1991),
('Vol-Bee-92', 'Volkswagon', 'Beetle', 1992),
('Vol-Bee-93', 'Volkswagon', 'Beetle', 1993),
('Vol-Bee-94', 'Volkswagon', 'Beetle', 1994),
('Vol-Bee-95', 'Volkswagon', 'Beetle', 1995),
('Vol-Bee-96', 'Volkswagon', 'Beetle', 1996),
('Vol-Bee-97', 'Volkswagon', 'Beetle', 1997),
('Vol-Bee-98', 'Volkswagon', 'Beetle', 1998),
('Vol-Bee-99', 'Volkswagon', 'Beetle', 1999);

--
-- Indexes for dumped tables
--

--
-- Indexes for table `driver`
--
ALTER TABLE `driver`
  ADD PRIMARY KEY (`Driver_Id`),
  ADD UNIQUE KEY `Email` (`Email`),
  ADD KEY `Mechanic_Id` (`Mechanic_Id`);

--
-- Indexes for table `mechanic`
--
ALTER TABLE `mechanic`
  ADD PRIMARY KEY (`Mechanic_Id`),
  ADD UNIQUE KEY `Email` (`Email`);

--
-- Indexes for table `service`
--
ALTER TABLE `service`
  ADD PRIMARY KEY (`Mechanic_Id`,`Service_Type`);

--
-- Indexes for table `service_history`
--
ALTER TABLE `service_history`
  ADD PRIMARY KEY (`Vehicle_Id`,`Mechanic_Id`,`Date_of_Service`,`Service_Type`),
  ADD KEY `Mechanic_Id` (`Mechanic_Id`);

--
-- Indexes for table `vehicle`
--
ALTER TABLE `vehicle`
  ADD PRIMARY KEY (`Vehicle_Id`),
  ADD KEY `Driver_Id` (`Driver_Id`),
  ADD KEY `Vehicle_No` (`Vehicle_No`);

--
-- Indexes for table `vehicle_specification`
--
ALTER TABLE `vehicle_specification`
  ADD PRIMARY KEY (`Vehicle_No`);

--
-- AUTO_INCREMENT for dumped tables
--

--
-- AUTO_INCREMENT for table `driver`
--
ALTER TABLE `driver`
  MODIFY `Driver_Id` int(9) NOT NULL AUTO_INCREMENT, AUTO_INCREMENT=100000005;
--
-- AUTO_INCREMENT for table `mechanic`
--
ALTER TABLE `mechanic`
  MODIFY `Mechanic_Id` int(10) NOT NULL AUTO_INCREMENT, AUTO_INCREMENT=1000000003;
--
-- Constraints for dumped tables
--

--
-- Constraints for table `driver`
--
ALTER TABLE `driver`
  ADD CONSTRAINT `driver_ibfk_1` FOREIGN KEY (`Mechanic_Id`) REFERENCES `mechanic` (`Mechanic_Id`) ON DELETE SET NULL;

--
-- Constraints for table `service`
--
ALTER TABLE `service`
  ADD CONSTRAINT `service_ibfk_1` FOREIGN KEY (`Mechanic_Id`) REFERENCES `mechanic` (`Mechanic_Id`);

--
-- Constraints for table `service_history`
--
ALTER TABLE `service_history`
  ADD CONSTRAINT `service_history_ibfk_1` FOREIGN KEY (`Vehicle_Id`) REFERENCES `vehicle` (`Vehicle_Id`),
  ADD CONSTRAINT `service_history_ibfk_2` FOREIGN KEY (`Mechanic_Id`) REFERENCES `mechanic` (`Mechanic_Id`);

--
-- Constraints for table `vehicle`
--
ALTER TABLE `vehicle`
  ADD CONSTRAINT `vehicle_ibfk_1` FOREIGN KEY (`Driver_Id`) REFERENCES `driver` (`Driver_Id`),
  ADD CONSTRAINT `vehicle_ibfk_2` FOREIGN KEY (`Vehicle_No`) REFERENCES `vehicle_specification` (`Vehicle_No`);

/*!40101 SET CHARACTER_SET_CLIENT=@OLD_CHARACTER_SET_CLIENT */;
/*!40101 SET CHARACTER_SET_RESULTS=@OLD_CHARACTER_SET_RESULTS */;
/*!40101 SET COLLATION_CONNECTION=@OLD_COLLATION_CONNECTION */;
